{
    "antiaim_selector": 441398501,
    "chams_selector": 160819852,
    "checkbox_id": 3969413906,
    "colorpicker3_id": 1336501111,
    "colorpicker4_id": 3129848468,
    "dpi_scale": 351444186,
    "dropdown_id": 1951899567,
    "esp_bar_settings": 1130689318,
    "esp_text_array_settings": 1890406805,
    "esp_text_settings": 4090715558,
    "group_begin": 2897424622,
    "group_end": 2154960313,
    "hash": 371333530,
    "multidropdown_id": 2577218686,
    "next_column": 3033697730,
    "recursive_id": 3779628279,
    "slider_id": 3285041775,
    "text": 1755895003,
    "text_log": 993791581,
    "tooltip_id": 3101622126,
    "type_bool": 3134275447,
    "type_color": 370909517,
    "type_flag": 1727988243,
    "type_hotkey": 2048405588,
    "type_int": 1439404520,
    "weapon_selector": 2527245563
}