{
    "yes": "Yes",
    "no": "No",
    "override_default": "Override default",
    "private": "Private",
    "search": "Search...",
    
    "config.load": "Load",
    "config.save": "Save",
    "config.share": "Share",
    "config.delete": "Delete",
    "config.rollback": "Rollback",
    "config.create": "Create",
    "config.import": "Import",
    
    "config.author": "Author",
    "config.last_update_by": "Last update by",
    "config.last_update_at": "Updated",
    "config.created_at": "Created",
    "config.name_input": "Config name...",
    "config.id_input": "Config ID...",
    "config.id_save": "Вставь в меня папочка~~~",
    "config.id_load": "Как же хорошо папочка~~~",

    "config.save_confirmation": "Are you sure you want to save this config?",
    "config.delete_confirmation": "Are you sure you want to delete this config?",
    
    "script.load": "Load",
    "script.unload": "Unload",
    "script.share": "Share",
    "script.delete": "Delete",
    
    "max_configs_error": "You can't create more than 10 configs!",
    "max_scripts_error": "You can't create more than 10 scripts!",

    "general": "General",
    "movement": "Movement",
    "other": "Other",
    "exploits": "Exploits",
    "fakelag": "Fake-lag",
    "agents": "Agents",
    "weapons": "Weapons",
    "effects": "Effects",
    "fov": "FOV",
    "shooting": "Shooting",
    "custom_scope": "Custom scope",
    "grenades": "Grenades",
    "modulation": "Modulation",

    "ragebot.enable": "Enable",
    "ragebot.autofire": "Auto-fire",
    "ragebot.silent": "Silent",
    
    "ragebot.computing_limit": "Computing limit",
    "ragebot.computing_limit.off": "Off",
    "ragebot.computing_limit.medium": "Medium",
    "ragebot.computing_limit.high": "High",

    "ragebot.computing_limit.tooltip": "Computing limit is a function that limits the resources of your PC for processing a ragebot. When the \"off\" option is selected, the PC resources will be used to the maximum.",

    "ragebot.quick_stop": "Quick stop",
    "ragebot.autoscope": "Automatic scope",
    "ragebot.hitboxes": "Hitboxes",
    "ragebot.hitchance": "Hit chance",

    "ragebot.weapons.quick_stop": "Quick stop",
    "ragebot.weapons.autoscope": "Automatic scope",
    "ragebot.weapons.hitboxes": "Hitboxes",
    "ragebot.weapons.hitboxes.head": "Head",
    "ragebot.weapons.hitboxes.upper_chest": "Upper chest",
    "ragebot.weapons.hitboxes.chest": "Chest",
    "ragebot.weapons.hitboxes.lower_chest": "Lower chest",
    "ragebot.weapons.hitboxes.pelvis": "Pelvis",
    "ragebot.weapons.hitboxes.stomach": "Stomach",
    "ragebot.weapons.hitboxes.legs": "Legs",
    "ragebot.weapons.hitboxes.feet": "Feet",
    "ragebot.weapons.hitboxes.arms": "Arms",
    "ragebot.weapons.hitchance": "Hit chance",
    "ragebot.weapons.strict_hitchance": "Strict hitchance",
    "ragebot.weapons.mindamage": "Minimum damage",
    "ragebot.weapons.mindamage_override": "Minimum damage override",
    "ragebot.weapons.head_scale": "Head multipoint scale",
    "ragebot.weapons.body_scale": "Body multipoint scale",
    "ragebot.weapons.force_safepoint": "Force safe point",
    "ragebot.weapons.force_safepoint.head": "Head",
    "ragebot.weapons.force_safepoint.body": "Body",
    "ragebot.weapons.force_safepoint.limbs": "Limbs",
    "ragebot.weapons.prefer_safepoint": "Prefer safe point",

    "ragebot.override_group": "Override group",
    "ragebot.override_weapon": "Override weapon",

    "antiaim.enable": "Enable",

    "antiaim.trigger.pitch": "Override pitch",
    "antiaim.trigger.force_off": "Force off",
    "antiaim.trigger.ignore_freestand": "Ignore freestand",
    "antiaim.trigger.ignore_manuals": "Ignore manuals",
    "antiaim.trigger.desync_amount": "Desync",
    "antiaim.trigger.align_by_target": "Align by target",
    "antiaim.trigger.yaw_add": "Yaw add",
    "antiaim.trigger.jitter_angle": "Jitter range",
    "antiaim.trigger.randomize_jitter": "Randomize jitter",
    "antiaim.trigger.desync_jitter": "Desync jitter",
    "antiaim.trigger.spin": "Spin",
    "antiaim.trigger.spin_speed": "Spin speed",
    "antiaim.trigger.spin_range": "Spin range",

    "antiaim.trigger.pitch.down": "Down",
    "antiaim.trigger.pitch.random": "Random",
    "antiaim.trigger.pitch.jitter": "Jitter",
    "antiaim.trigger.pitch.original": "Original",

    "antiaim.trigger.setting_for": "Setting for",
    "antiaim.trigger.default": "Default",
    "antiaim.trigger.standing": "Standing",
    "antiaim.trigger.moving": "Moving",
    "antiaim.trigger.jumping": "Jumping",
    "antiaim.trigger.slow_walking": "Slow walking",
    "antiaim.trigger.crouching": "Crouching",
    "antiaim.trigger.defensive": "Defensive",

    "antiaim.trigger.align_by_target.off": "Off",
    "antiaim.trigger.align_by_target.when_on_screen": "When on screen",
    "antiaim.trigger.align_by_target.always": "Always",

    "antiaim.defensive_flags": "Defensive options",
    "antiaim.defensive_flags.on_ground": "On ground",
    "antiaim.defensive_flags.in_air": "In air",
    "antiaim.defensive_flags.safe_peek": "Safe peek",

    "exploits.defensive_flags": "Defensive options",
    "exploits.defensive_flags.on_ground": "On ground",
    "exploits.defensive_flags.in_air": "In air",
    "exploits.defensive_flags.safe_peek": "Safe peek",

    "exploits.immediate_teleport": "Immediate teleport",

    "antiaim.fakelag": "Fake-lag",
    "antiaim.fakelag.off": "Off",
    "antiaim.fakelag.static": "Static",
    "antiaim.fakelag.dynamic": "Dynamic",

    "player_esp.enable": "Enable",
    "player_esp.box": "Box",
    "player_esp.box_color": "Box color",
    "player_esp.name.value": "Name",
    "player_esp.name.colors[0]": "Name color",
    "player_esp.name.colors[1]": "Icon color",
    "player_esp.name.position": "Name position",
    "player_esp.name.font": "Name font",
    "player_esp.health.value": "Health",
    "player_esp.health.position": "Health position",
    "player_esp.ammo.value": "Ammo",
    "player_esp.ammo.position": "Ammo position",
    "player_esp.flags.value": "Flags",
    "player_esp.flags.position": "Flags position",
    "player_esp.flags.font": "Flags font",
    "player_esp.flags.helmet_kevlar": "Helmet & Kevlar",
    "player_esp.flags.scope": "Scope",
    "player_esp.flags.flash": "Flash",
    "player_esp.flags.defuser": "Defuser",
    "player_esp.flags.distance": "Distance",
    "player_esp.flags.ping": "Ping",
    "player_esp.weapon.value": "Weapon",
    "player_esp.weapon.position": "Weapon position",
    "player_esp.weapon.font": "Weapon font",
    "player_esp.weapon.name": "Name",
    "player_esp.weapon.icon": "Icon",
    "player_esp.glow.enable": "Glow",
    "player_esp.glow.color": "Glow color",

    "esp.override_color": "Override color",
    "esp.color[0]": "Color 1",
    "esp.color[1]": "Color 2",
    "esp.font": "Font",

    "player_esp.local_glow.enable": "Glow",
    "player_esp.local_glow.color": "Glow color",
    "player_esp.local_blend_in_scope": "Transparent in scope",
    "player_esp.local_blend_in_scope_amount": "Transparency amount",

    "player_esp.chams.enable": "Enable",
    "player_esp.chams.material": "Material",
    "player_esp.chams.color": "Material color",
    "player_esp.chams.metallic_color": "Metallic color",
    "player_esp.chams.phong_amount": "Phong",
    "player_esp.chams.rim_amount": "Rim",
    "player_esp.chams.overlays": "Overlays",
    "player_esp.chams.overlays_colors[0]": "Glow fade color",
    "player_esp.chams.overlays_colors[1]": "Glow line color",
    "player_esp.chams.overlays_colors[2]": "Wireframe color",
    "player_esp.chams.overlays_colors[3]": "Glass color",
    "player_esp.chams.overlays_colors[4]": "Animated color",

    "player_esp.chams.material.default": "Default",
    "player_esp.chams.material.flat": "Flat",
    "player_esp.chams.material.metallic": "Metallic",
    "player_esp.chams.material.randomized": "Randomized",

    "player_esp.chams.overlays.glow_fade": "Glow fade",
    "player_esp.chams.overlays.glow_line": "Glow line",
    "player_esp.chams.overlays.wireframe": "Wireframe",
    "player_esp.chams.overlays.glass": "Glass",
    "player_esp.chams.overlays.animated": "Animated",

    "player_esp.chams.last_shot_only": "Last shot only",

    "visuals.nightmode.enable": "Night mode",
    "visuals.nightmode.color": "World color",
    "visuals.nightmode.skybox_color": "Skybox color",
    "visuals.nightmode.prop_color": "Props color",
    "visuals.removals": "Removals",
    "visuals.removals.visual_recoil": "Visual recoil",
    "visuals.removals.smoke": "Smoke",
    "visuals.removals.flash": "Flash",
    "visuals.removals.scope": "Scope",
    "visuals.removals.post_processing": "Post processing",
    "visuals.removals.fog": "Fog",
    "visuals.removals.world_shadow": "World shadow",
    "visuals.removals.foot_shadow": "Foot shadow",
    "visuals.removals.viewmodel_bob": "Viewmodel bob",

    "visuals.override_scope": "Override scope",
    "visuals.override_scope.off": "Off",
    "visuals.override_scope.default": "Default",
    "visuals.override_scope.custom": "Custom",
    "visuals.scope_color[0]": "Scope color-in",
    "visuals.scope_color[1]": "Scope color-out",
    "visuals.scope_size": "Scope size",
    "visuals.scope_thickness": "Scope thickness",
    "visuals.scope_gap": "Scope gap",

    "visuals.world_fov": "World FOV",
    "visuals.zoom_fov": "Zoom FOV",
    "visuals.viewmodel_fov": "Viewmodel FOV",

    "visuals.hitmarker": "Hitmarker",
    "visuals.hitmarker.position": "Position",
    "visuals.hitmarker.center_of_screen": "Center of screen",
    "visuals.hitmarker.show_damage": "Show damage",
    
    "weapon_esp.enable": "Weapon ESP",
    "weapon_esp.box": "Box",
    "weapon_esp.box_color": "Box color",
    "weapon_esp.name.value": "Name",
    "weapon_esp.name.colors[0]": "Name color",
    "weapon_esp.name.colors[1]": "Icon color",
    "weapon_esp.name.position": "Name position",
    "weapon_esp.name.font": "Name font",
    "weapon_esp.name.name": "Name",
    "weapon_esp.name.icon": "Icon",
    "weapon_esp.ammo.value": "Ammo",
    "weapon_esp.ammo.colors[0]": "Ammo color",
    "weapon_esp.ammo.colors[1]": "Ammo background color",
    "weapon_esp.ammo.position": "Ammo position",
    "weapon_esp.glow.enable": "Glow",
    "weapon_esp.glow.color": "Glow color",

    "grenade_esp.enable": "Enable",

    "bullets.tracer": "Tracer",
    "bullets.tracer.off": "Off",
    "bullets.tracer.line": "Line",
    "bullets.tracer.beam": "Beam",

    "bullets.tracer_color": "Tracer color",

    "bullets.server_impacts": "Server impacts",
    "bullets.server_impact_colors[0]": "Server impacts fill",
    "bullets.server_impact_colors[1]": "Server impacts bounds",

    "bullets.client_impacts": "Client impacts",
    "bullets.client_impact_colors[0]": "Client impacts fill",
    "bullets.client_impact_colors[1]": "Client impacts bounds",

    "bullets.impacts_size": "Impacts size",

    "movement.bhop": "Bunny-hop",
    "movement.autostrafe": "Auto-strafe",
    "movement.strafe_smooth": "Strafe smoothness",
    "movement.fast_stop": "Fast stop",
    "movement.leg_movement": "Leg movement",
    "movement.peek_assist_colors[0]": "Peek assistance (active)",
    "movement.peek_assist_colors[1]": "Peek assistance (inactive)",
    "movement.peek_assist_retreat_on_key": "Retreat on key release",

    "movement.leg_movement.avoid_slide": "Avoid slide",
    "movement.leg_movement.always_slide": "Always slide",

    "misc.log_filter": "Cheat logs",
    "misc.hotkeys_list": "Hotkeys list",
    "misc.hitsound": "Hit sound",
    "misc.hitsound_volume": "Hit sound volume",
    "misc.unlock_inventory": "Unlock inventory",
    "misc.unlock_cvars": "Unlock hidden convars",
    "misc.preserve_killfeed": "Preserve killfeed",
    "misc.autobuy.enable": "Auto-buy",
    "misc.autobuy.main": "Main weapon",
    "misc.autobuy.pistol": "Pistol",
    "misc.autobuy.additional": "Additional",

    "misc.log_filter.aimbot_info": "Aimbot info",
    "misc.log_filter.damage_received": "Damage received",
    "misc.log_filter.damage_dealt": "Damage dealt",
    "misc.log_filter.missed_shots": "Missed shots",

    "misc.autobuy.main.none": "None",
    "misc.autobuy.main.auto_sniper": "Auto sniper",
    "misc.autobuy.main.scout": "Scout",
    "misc.autobuy.main.awp": "AWP",
    "misc.autobuy.main.negev": "Negev",
    "misc.autobuy.main.m249": "M249",
    "misc.autobuy.main.rifle": "Rifle",
    "misc.autobuy.main.aug_sg553": "AUG/SG553",

    "misc.autobuy.pistol.none": "None",
    "misc.autobuy.pistol.dual_berettas": "Dual berretas",
    "misc.autobuy.pistol.p250": "P250",
    "misc.autobuy.pistol.five_seven_tec9": "Five-Seven/Tec-9",
    "misc.autobuy.pistol.deagle_revolver": "Deagle/Revolver",

    "misc.autobuy.additional.head_helmet": "Head helmet",
    "misc.autobuy.additional.other_helmet": "Other helmet",
    "misc.autobuy.additional.he_grenade": "HE Grenade",
    "misc.autobuy.additional.molotov": "Molotov",
    "misc.autobuy.additional.smoke": "Smoke",
    "misc.autobuy.additional.taser": "Taser",
    "misc.autobuy.additional.defuse_kit": "Defuse kit",

    "skins.agent_t": "Agent T",
    "skins.agent_ct": "Agent CT",
    "skins.knife_model": "Override knife",
    
    "tab.ragebot": "Ragebot",
    "tab.ragebot.aimbot": "Aimbot",
    "tab.ragebot.antiaim": "Anti-aim",
    "tab.ragebot.misc": "Misc",

    "tab.visuals": "Visuals",
    "tab.visuals.players": "Players",
    "tab.visuals.local": "Local player",
    "tab.visuals.world": "World",
    "tab.visuals.other": "Other",

    "tab.misc": "Misc",
    "tab.skins": "Skins",
    "tab.scripts": "Scripts",
    "tab.settings": "Settings",
    "tab.hotkeys": "Hotkeys",
    "tab.profile": "Profile",

    "hotkey.doubletap": "Double-tap",
    "hotkey.hide_shot": "Hide-shot",
    "hotkey.override_damage": "Override damage",
    "hotkey.fake_duck": "Fake duck",
    "hotkey.desync_inverter": "Desync inverter",
    "hotkey.slow_walk": "Slow walk",
    "hotkey.freestand": "Freestand",
    "hotkey.manual_right": "Manual right",
    "hotkey.manual_left": "Manual left",
    "hotkey.manual_back": "Manual back",
    "hotkey.manual_forward": "Manual forward",
    "hotkey.peek_assist": "Peek assist",
    "hotkey.thirdperson": "Thirdperson"
}
